numero,fecha_texto,titulo_lista,enlace,fecha,titulo_web,titulo,fuente_titulo,es_lluvia,tipo,motivo
Decreto Supremo N.° 017-2023-PCM,31 de enero de 2023,"Decreto Supremo que prorroga el Estado de Emergencia en varios distritos de las provincias del departamento de Puno, por peligro inminente ante déficit hídrico",https://www.gob.pe/institucion/pcm/normas-legales/3900619-017-2023-pcm,2023-01-31,"Decreto Supremo que prorroga el Estado de Emergencia en varios distritos de las provincias del departamento de Puno, por peligro inminente ante déficit hídrico","Decreto Supremo que prorroga el Estado de Emergencia en varios distritos de las provincias del departamento de Puno, por peligro inminente ante déficit hídrico",descripcion_web,False,prorroga,peligro inminente
Decreto Supremo N.° 016-2023-PCM,29 de enero de 2023,Decreto Supremo que declara el Estado de Emergencia en la provincia de Padre Abad del departamento de Ucayali,https://www.gob.pe/institucion/pcm/normas-legales/3899625-016-2023-pcm,2023-01-29,Decreto Supremo que declara el Estado de Emergencia en la provincia de Padre Abad del departamento de Ucayali,Decreto Supremo que declara el Estado de Emergencia en la provincia de Padre Abad del departamento de Ucayali,descripcion_web,False,declara,otro
Decreto Supremo N.° 014-2023-PCM,26 de enero de 2023,Decreto Supremo que prorroga el estado de emergencia en la localidad de Cunia del distrito de Chirinos de la provincia de San Ignacio del departamento de Cajamarca por impacto de daños a consecuencia ...,https://www.gob.pe/institucion/pcm/normas-legales/3899569-014-2023-pcm,2023-01-26,Decreto Supremo que prorroga el estado de emergencia en la localidad de Cunia del distrito de Chirinos de la provincia de San Ignacio del departamento de Cajamarca por impacto de daños a consecuencia de deslizamiento de tierra,Decreto Supremo que prorroga el estado de emergencia en la localidad de Cunia del distrito de Chirinos de la provincia de San Ignacio del departamento de Cajamarca por impacto de daños a consecuencia de deslizamiento de tierra,descripcion_web,False,prorroga,impacto de daños
Decreto Supremo N.° 010-2023-PCM,19 de enero de 2023,Decreto Supremo que declara el Estado de Emergencia en los departamentos de Amazonas La Libertad y Tacna,https://www.gob.pe/institucion/pcm/normas-legales/5569205-010-2023-pcm,2023-01-19,Decreto Supremo que declara el Estado de Emergencia en los departamentos de Amazonas La Libertad y Tacna,Decreto Supremo que declara el Estado de Emergencia en los departamentos de Amazonas La Libertad y Tacna,descripcion_web,False,declara,otro
Directiva N.° 005-2015-PCM/SGRD,17 de enero de 2023,"""Directiva para la ejecución del ejercicio de simulación por el Fenómeno El Niño, en los departamentos declarados en Estado de Emergencia"". (Resolución Ministerial N° 248-2015-PCM)",https://www.gob.pe/institucion/pcm/normas-legales/8031151-005-2015-pcm-sgrd,2023-01-17,"""Directiva para la ejecución del ejercicio de simulación por el Fenómeno El Niño, en los departamentos declarados en Estado de Emergencia"". (Resolución Ministerial N° 248-2015-PCM) Esta norma pertenece al compendio Directivas","""Directiva para la ejecución del ejercicio de simulación por el Fenómeno El Niño, en los departamentos declarados en Estado de Emergencia"". (Resolución Ministerial N° 248-2015-PCM) Esta norma pertenece al compendio Directivas",descripcion_web,False,declara,otro
Directiva N.° 004-2015-PCM/SGRD,17 de enero de 2023,"""Directiva para la ejecución de simulacro nocturno por el Fenómeno El Niño, en los departamentos declarados en Estado de Emergencia"". (Resolución Ministerial N° 248-2015-PCM)",https://www.gob.pe/institucion/pcm/normas-legales/8031150-004-2015-pcm-sgrd,2023-01-17,"""Directiva para la ejecución de simulacro nocturno por el Fenómeno El Niño, en los departamentos declarados en Estado de Emergencia"". (Resolución Ministerial N° 248-2015-PCM) Esta norma pertenece al compendio Directivas","""Directiva para la ejecución de simulacro nocturno por el Fenómeno El Niño, en los departamentos declarados en Estado de Emergencia"". (Resolución Ministerial N° 248-2015-PCM) Esta norma pertenece al compendio Directivas",descripcion_web,False,declara,otro
Decreto Supremo N.° 009-2023-PCM,14 de enero de 2023,Decreto Supremo que declara el Estado de Emergencia en los departamentos de Puno Cusco Lima en la Provincia Constitucional del Callao en la provincia de Andahuaylas del departamento de Apurímac en la ...,https://www.gob.pe/institucion/pcm/normas-legales/3888263-009-2023-pcm,2023-01-14,Decreto Supremo que declara el Estado de Emergencia en los departamentos de Puno Cusco Lima en la Provincia Constitucional del Callao en la provincia de Andahuaylas del departamento de Apurímac en las provincias de Tambopata y Tahuamanu del departamento de Madre de Dios y en el distrito de Torata provincia de Mariscal Nieto del departamento de Moquegua así como en algunas carreteras de la Red Vial Nacional,Decreto Supremo que declara el Estado de Emergencia en los departamentos de Puno Cusco Lima en la Provincia Constitucional del Callao en la provincia de Andahuaylas del departamento de Apurímac en las provincias de Tambopata y Tahuamanu del departamento de Madre de Dios y en el distrito de Torata provincia de Mariscal Nieto del departamento de Moquegua así como en algunas carreteras de la Red Vial Nacional,descripcion_web,False,declara,otro
Decreto Supremo N.° 008-2023-PCM,13 de enero de 2023,"Decreto Supremo que declara el Estado de Emergencia en varios distritos de algunas provincias de los departamentos de Amazonas, Áncash, Arequipa, Ayacucho, Cajamarca, Huancavelica, Huánuco, Junín, La ...",https://www.gob.pe/institucion/pcm/normas-legales/3888261-008-2023-pcm,2023-01-13,"Decreto Supremo que declara el Estado de Emergencia en varios distritos de algunas provincias de los departamentos de Amazonas, Áncash, Arequipa, Ayacucho, Cajamarca, Huancavelica, Huánuco, Junín, La Libertad, Lima, Loreto, Moquegua, Pasco, San Martín, Tacna y Ucayali, por peligro inminente ante intensas precipitaciones pluviales","Decreto Supremo que declara el Estado de Emergencia en varios distritos de algunas provincias de los departamentos de Amazonas, Áncash, Arequipa, Ayacucho, Cajamarca, Huancavelica, Huánuco, Junín, La Libertad, Lima, Loreto, Moquegua, Pasco, San Martín, Tacna y Ucayali, por peligro inminente ante intensas precipitaciones pluviales",descripcion_web,True,declara,peligro inminente
Decreto Supremo N.° 007-2023-PCM,13 de enero de 2023,"Decreto Supremo que declara el Estado de Emergencia en algunos distritos de varias provincias de los departamentos de Amazonas, Áncash, Cusco, Huánuco, La Libertad, San Martín y Ucayali, por impacto ...",https://www.gob.pe/institucion/pcm/normas-legales/3888259-007-2023-pcm,2023-01-13,"Decreto Supremo que declara el Estado de Emergencia en algunos distritos de varias provincias de los departamentos de Amazonas, Áncash, Cusco, Huánuco, La Libertad, San Martín y Ucayali, por impacto de daños ante intensas precipitaciones pluviales.","Decreto Supremo que declara el Estado de Emergencia en algunos distritos de varias provincias de los departamentos de Amazonas, Áncash, Cusco, Huánuco, La Libertad, San Martín y Ucayali, por impacto de daños ante intensas precipitaciones pluviales.",descripcion_web,True,declara,impacto de daños
Decreto Supremo N.° 027-2023-PCM,24 de febrero de 2023,Decreto Supremo que prorroga el Estado de Emergencia declarado en la provincia de Padre Abad del departamento de Ucayali,https://www.gob.pe/institucion/pcm/normas-legales/5569225-027-2023-pcm,2023-02-24,Decreto Supremo que prorroga el Estado de Emergencia declarado en la provincia de Padre Abad del departamento de Ucayali,Decreto Supremo que prorroga el Estado de Emergencia declarado en la provincia de Padre Abad del departamento de Ucayali,descripcion_web,False,prorroga,otro
Decreto Supremo N.° 025-2023-PCM,18 de febrero de 2023,"Decreto Supremo que prorroga el Estado de Emergencia en la provincia de Condorcanqui y en los distritos de Imaza y Aramango de la provincia de Bagua, del departamento de Amazonas, y en el departament ...",https://www.gob.pe/institucion/pcm/normas-legales/5569222-025-2023-pcm,2023-02-18,"Decreto Supremo que prorroga el Estado de Emergencia en la provincia de Condorcanqui y en los distritos de Imaza y Aramango de la provincia de Bagua, del departamento de Amazonas, y en el departamento de La Libertad","Decreto Supremo que prorroga el Estado de Emergencia en la provincia de Condorcanqui y en los distritos de Imaza y Aramango de la provincia de Bagua, del departamento de Amazonas, y en el departamento de La Libertad",descripcion_web,False,prorroga,otro
Decreto Supremo N.° 024-2023-PCM,17 de febrero de 2023,"Decreto Supremo que declara el Estado de Emergencia en los distritos de Allauca, Cacra, Catahuasi, Huangascar, Lincha, Putinza, Quinches y Viñac de la provincia de Yauyos del departamento de Lima, p ...",https://www.gob.pe/institucion/pcm/normas-legales/5569220-024-2023-pcm,2023-02-17,"Decreto Supremo que declara el Estado de Emergencia en los distritos de Allauca, Cacra, Catahuasi, Huangascar, Lincha, Putinza, Quinches y Viñac de la provincia de Yauyos del departamento de Lima, por impacto de daños ante intensas precipitaciones pluviales","Decreto Supremo que declara el Estado de Emergencia en los distritos de Allauca, Cacra, Catahuasi, Huangascar, Lincha, Putinza, Quinches y Viñac de la provincia de Yauyos del departamento de Lima, por impacto de daños ante intensas precipitaciones pluviales",descripcion_web,True,declara,impacto de daños
Decreto Supremo N.° 023-2023-PCM,16 de febrero de 2023,Decreto Supremo que declara el Estado de Emergencia en las provincias de Putumayo y Mariscal Ramón Castilla del departamento de Loreto,https://www.gob.pe/institucion/pcm/normas-legales/5569218-023-2023-pcm,2023-02-16,Decreto Supremo que declara el Estado de Emergencia en las provincias de Putumayo y Mariscal Ramón Castilla del departamento de Loreto,Decreto Supremo que declara el Estado de Emergencia en las provincias de Putumayo y Mariscal Ramón Castilla del departamento de Loreto,descripcion_web,False,declara,otro
Decreto Supremo N.° 022-2023-PCM,13 de febrero de 2023,"Decreto Supremo que prorroga el Estado de Emergencia declarado en el departamento de Lima, en la Provincia Constitucional del Callao, y en algunas carreteras de la Red Vial Nacional",https://www.gob.pe/institucion/pcm/normas-legales/5569214-022-2023-pcm,2023-02-13,"Decreto Supremo que prorroga el Estado de Emergencia declarado en el departamento de Lima, en la Provincia Constitucional del Callao, y en algunas carreteras de la Red Vial Nacional","Decreto Supremo que prorroga el Estado de Emergencia declarado en el departamento de Lima, en la Provincia Constitucional del Callao, y en algunas carreteras de la Red Vial Nacional",descripcion_web,False,prorroga,otro
Decreto Supremo N.° 021-2023-PCM,9 de febrero de 2023,Prórroga del Estado de Emergencia en distritos de las provincias de Huanta y La Mar del departamento de Ayacucho; de las provincias de Tayacaja y Churcampa del departamento de Huancavelica; de la pro ...,https://www.gob.pe/institucion/pcm/normas-legales/3918804-021-2023-pcm,2023-02-09,"Prórroga del Estado de Emergencia en distritos de las provincias de Huanta y La Mar del departamento de Ayacucho; de las provincias de Tayacaja y Churcampa del departamento de Huancavelica; de la provincia de La Convención del departamento de Cusco; de las provincias de Satipo, Concepción y Huancayo del departamento de Junín; y, en el Centro Poblado de Yuveni en el distrito de Vilcabamba de la provincia de La Convención del departamento de Cusco","Prórroga del Estado de Emergencia en distritos de las provincias de Huanta y La Mar del departamento de Ayacucho; de las provincias de Tayacaja y Churcampa del departamento de Huancavelica; de la provincia de La Convención del departamento de Cusco; de las provincias de Satipo, Concepción y Huancayo del departamento de Junín; y, en el Centro Poblado de Yuveni en el distrito de Vilcabamba de la provincia de La Convención del departamento de Cusco",descripcion_web,False,prorroga,otro
Decreto Supremo N.° 020-2023-PCM,9 de febrero de 2023,"Decreto Supremo que prorroga el Estado de Emergencia declarado en los distritos de Puerto Inca, Tournavista, Yuyapichis y Codo del Pozuzo de la provincia de Puerto Inca del departamento de Huánuco, e ...",https://www.gob.pe/institucion/pcm/normas-legales/3918758-020-2023-pcm,2023-02-09,"Decreto Supremo que prorroga el Estado de Emergencia declarado en los distritos de Puerto Inca, Tournavista, Yuyapichis y Codo del Pozuzo de la provincia de Puerto Inca del departamento de Huánuco, en los distritos de Constitución y Puerto Bermúdez de la provincia de Oxapampa del departamento de Pasco y en el distrito de Sepahua de la provincia de Atalaya del departamento de Ucayali","Decreto Supremo que prorroga el Estado de Emergencia declarado en los distritos de Puerto Inca, Tournavista, Yuyapichis y Codo del Pozuzo de la provincia de Puerto Inca del departamento de Huánuco, en los distritos de Constitución y Puerto Bermúdez de la provincia de Oxapampa del departamento de Pasco y en el distrito de Sepahua de la provincia de Atalaya del departamento de Ucayali",descripcion_web,False,prorroga,otro
Decreto Supremo N.° 019-2023-PCM,6 de febrero de 2023,"Decreto Supremo que declara el Estado de Emergencia en el distrito de Mariano Nicolás Valcárcel de la provincia de Camaná del departamento de Arequipa, por impacto de daños ante intensas prec ...",https://www.gob.pe/institucion/pcm/normas-legales/3900649-019-2023-pcm,2023-02-06,"Decreto Supremo que declara el Estado de Emergencia en el distrito de Mariano Nicolás Valcárcel de la provincia de Camaná del departamento de Arequipa, por impacto de daños ante intensas precipitaciones pluviales","Decreto Supremo que declara el Estado de Emergencia en el distrito de Mariano Nicolás Valcárcel de la provincia de Camaná del departamento de Arequipa, por impacto de daños ante intensas precipitaciones pluviales",descripcion_web,True,declara,impacto de daños
Decreto Supremo N.° 018-2023-PCM,4 de febrero de 2023,"Declaran el Estado de Emergencia en los departamentos de Madre de Dios, Cusco, Puno, Apurímac, Arequipa, Moquegua y Tacna, y dictan otras disposiciones",https://www.gob.pe/institucion/pcm/normas-legales/3900644-018-2023-pcm,2023-02-04,"Declaran el Estado de Emergencia en los departamentos de Madre de Dios, Cusco, Puno, Apurímac, Arequipa, Moquegua y Tacna, y dictan otras disposiciones","Declaran el Estado de Emergencia en los departamentos de Madre de Dios, Cusco, Puno, Apurímac, Arequipa, Moquegua y Tacna, y dictan otras disposiciones",descripcion_web,False,declara,otro
Decreto Supremo N.° 044-2023-PCM,29 de marzo de 2023,"Decreto Supremo que declara el Estado de Emergencia en algunos distritos de las provincias de Leoncio Prado y Marañón del departamento de Huánuco; y, en algunos distritos de las provincias de Nasca, ...",https://www.gob.pe/institucion/pcm/normas-legales/4116711-044-2023-pcm,2023-03-29,"Decreto Supremo que declara el Estado de Emergencia en algunos distritos de las provincias de Leoncio Prado y Marañón del departamento de Huánuco; y, en algunos distritos de las provincias de Nasca, Ica y Palpa del departamento de Ica, por impacto de daños a consecuencia de intensas precipitaciones pluviales","Decreto Supremo que declara el Estado de Emergencia en algunos distritos de las provincias de Leoncio Prado y Marañón del departamento de Huánuco; y, en algunos distritos de las provincias de Nasca, Ica y Palpa del departamento de Ica, por impacto de daños a consecuencia de intensas precipitaciones pluviales",descripcion_web,True,declara,impacto de daños
Decreto Supremo N.° 043-2023-PCM,26 de marzo de 2023,"Decreto Supremo que declara el Estado de Emergencia Nacional, por desastre de gran magnitud, a consecuencia de intensas precipitaciones pluviales en los departamentos de Lambayeque, ...",https://www.gob.pe/institucion/pcm/normas-legales/4116672-043-2023-pcm,2023-03-26,"Decreto Supremo que declara el Estado de Emergencia Nacional, por desastre de gran magnitud, a consecuencia de intensas precipitaciones pluviales en los departamentos de Lambayeque, Piura y Tumbes","Decreto Supremo que declara el Estado de Emergencia Nacional, por desastre de gran magnitud, a consecuencia de intensas precipitaciones pluviales en los departamentos de Lambayeque, Piura y Tumbes",descripcion_web,True,declara,otro
Decreto Supremo N.° 0039-2023-PCM,18 de marzo de 2023,"Decreto Supremo que declara el Estado de Emergencia en varios distritos de algunas provincias de los departamentos de Amazonas, Ayacucho, Pasco y Ucayali, por impacto de daños a consecuencia de inten ...",https://www.gob.pe/institucion/pcm/normas-legales/5569229-0039-2023-pcm,2023-03-18,"Decreto Supremo que declara el Estado de Emergencia en varios distritos de algunas provincias de los departamentos de Amazonas, Ayacucho, Pasco y Ucayali, por impacto de daños a consecuencia de intensas precipitaciones pluviales","Decreto Supremo que declara el Estado de Emergencia en varios distritos de algunas provincias de los departamentos de Amazonas, Ayacucho, Pasco y Ucayali, por impacto de daños a consecuencia de intensas precipitaciones pluviales",descripcion_web,True,declara,impacto de daños
Decreto Supremo N.° 038-2023-PCM,18 de marzo de 2023,"Decreto Supremo que declara el Estado de Emergencia en varios distritos de algunas provincias de los departamentos de Áncash, Huancavelica, Ica y Lima, por impacto de daños a consecuencia de intensas ...",https://www.gob.pe/institucion/pcm/normas-legales/4094910-038-2023-pcm,2023-03-18,"Decreto Supremo que declara el Estado de Emergencia en varios distritos de algunas provincias de los departamentos de Áncash, Huancavelica, Ica y Lima, por impacto de daños a consecuencia de intensas precipitaciones pluviales","Decreto Supremo que declara el Estado de Emergencia en varios distritos de algunas provincias de los departamentos de Áncash, Huancavelica, Ica y Lima, por impacto de daños a consecuencia de intensas precipitaciones pluviales",descripcion_web,True,declara,impacto de daños
Decreto Supremo N.° 037-2023-PCM,16 de marzo de 2023,Decreto Supremo que prorroga el Estado de Emergencia en el departamento de La Libertad,https://www.gob.pe/institucion/pcm/normas-legales/4026068-037-2023-pcm,2023-03-16,Decreto Supremo que prorroga el Estado de Emergencia en el departamento de La Libertad,Decreto Supremo que prorroga el Estado de Emergencia en el departamento de La Libertad,descripcion_web,False,prorroga,otro
Decreto Supremo N.° 036-2023-PCM,15 de marzo de 2023,Declaratoria de Estado de Emergencia,https://www.gob.pe/institucion/pcm/normas-legales/4026056-036-2023-pcm,2023-03-15,Declaratoria de Estado de Emergencia,"Decreto Supremo que declara el Estado de Emergencia en los distritos de Ancón, Pucusana, Punta Hermosa, Punta Negra, San Bartolo y Santa María del Mar de la provincia y departamento de Lima, por impacto de daños ante intensas precipitaciones pluviales","PDF oficial DS 036-2023-PCM, pagina 1",True,declara,impacto de daños
Decreto Supremo N.° 035-2023-PCM,12 de marzo de 2023,"Decreto Supremo que declara el Estado de Emergencia en varios distritos de algunas provincias de los departamentos de Áncash, Apurímac, Arequipa, Ayacucho, Cusco, Huancavelica, Huánuco, Ica, Junín, L ...",https://www.gob.pe/institucion/pcm/normas-legales/5569228-035-2023-pcm,2023-03-12,"Decreto Supremo que declara el Estado de Emergencia en varios distritos de algunas provincias de los departamentos de Áncash, Apurímac, Arequipa, Ayacucho, Cusco, Huancavelica, Huánuco, Ica, Junín, Lima, Moquegua, Puno y Tacna; y, de la Provincia Constitucional del Callao, por peligro inminente ante intensas precipitaciones pluviales","Decreto Supremo que declara el Estado de Emergencia en varios distritos de algunas provincias de los departamentos de Áncash, Apurímac, Arequipa, Ayacucho, Cusco, Huancavelica, Huánuco, Ica, Junín, Lima, Moquegua, Puno y Tacna; y, de la Provincia Constitucional del Callao, por peligro inminente ante intensas precipitaciones pluviales",descripcion_web,True,declara,peligro inminente
Decreto Supremo N.° 034-2023-PCM,12 de marzo de 2023,"Decreto Supremo que declara el Estado de Emergencia en varios distritos de algunas provincias de los departamentos de Cajamarca, La Libertad, Lambayeque y Piura, por impacto de daños ante intensas pr ...",https://www.gob.pe/institucion/pcm/normas-legales/4032669-034-2023-pcm,2023-03-12,"Decreto Supremo que declara el Estado de Emergencia en varios distritos de algunas provincias de los departamentos de Cajamarca, La Libertad, Lambayeque y Piura, por impacto de daños ante intensas precipitaciones pluviales","Decreto Supremo que declara el Estado de Emergencia en varios distritos de algunas provincias de los departamentos de Cajamarca, La Libertad, Lambayeque y Piura, por impacto de daños ante intensas precipitaciones pluviales",descripcion_web,True,declara,impacto de daños
Decreto Supremo N.° 032-2023-PCM,10 de marzo de 2023,Decreto Supremo que prorroga el Estado de Emergencia en algunas carreteras de la Red Vial Nacional,https://www.gob.pe/institucion/pcm/normas-legales/4032705-032-2023-pcm,2023-03-10,Decreto Supremo que prorroga el Estado de Emergencia en algunas carreteras de la Red Vial Nacional,Decreto Supremo que prorroga el Estado de Emergencia en algunas carreteras de la Red Vial Nacional,descripcion_web,False,prorroga,otro
Decreto Supremo N.° 031-2023-PCM,10 de marzo de 2023,Decreto Supremo que prorroga el Estado de Emergencia declarado en la provincia de Ica del departamento de Ica,https://www.gob.pe/institucion/pcm/normas-legales/4032626-031-2023-pcm,2023-03-10,Decreto Supremo que prorroga el Estado de Emergencia declarado en la provincia de Ica del departamento de Ica,Decreto Supremo que prorroga el Estado de Emergencia declarado en la provincia de Ica del departamento de Ica,descripcion_web,False,prorroga,otro
Decreto Supremo N.° 030-2023-PCM,10 de marzo de 2023,"Decreto Supremo que declara el Estado de Emergencia en algunos distritos de varias provincias del departamento de Arequipa, por impacto de daños ante intensas precipitaciones pluviales",https://www.gob.pe/institucion/pcm/normas-legales/4032564-030-2023-pcm,2023-03-10,"Decreto Supremo que declara el Estado de Emergencia en algunos distritos de varias provincias del departamento de Arequipa, por impacto de daños ante intensas precipitaciones pluviales","Decreto Supremo que declara el Estado de Emergencia en algunos distritos de varias provincias del departamento de Arequipa, por impacto de daños ante intensas precipitaciones pluviales",descripcion_web,True,declara,impacto de daños
Decreto Supremo N.° 029-2023-PCM,3 de marzo de 2023,"Decreto Supremo que declara el Estado de Emergencia en varios distritos de algunas provincias de los departamentos de Áncash, Cajamarca, La Libertad, Lambayeque, Lima, Piura y Tumbes, por peligro in ...",https://www.gob.pe/institucion/pcm/normas-legales/5569227-029-2023-pcm,2023-03-03,"Decreto Supremo que declara el Estado de Emergencia en varios distritos de algunas provincias de los departamentos de Áncash, Cajamarca, La Libertad, Lambayeque, Lima, Piura y Tumbes, por peligro inminente ante intensas precipitaciones pluviales","Decreto Supremo que declara el Estado de Emergencia en varios distritos de algunas provincias de los departamentos de Áncash, Cajamarca, La Libertad, Lambayeque, Lima, Piura y Tumbes, por peligro inminente ante intensas precipitaciones pluviales",descripcion_web,True,declara,peligro inminente
Decreto Supremo N.° 028-2023-PCM,1 de marzo de 2023,"Decreto Supremo que declara el Estado de Emergencia en varios distritos de las provincias del departamento de Ayacucho, por impacto de daños ante intensas precipitaciones pluviales",https://www.gob.pe/institucion/pcm/normas-legales/5569226-028-2023-pcm,2023-03-01,"Decreto Supremo que declara el Estado de Emergencia en varios distritos de las provincias del departamento de Ayacucho, por impacto de daños ante intensas precipitaciones pluviales","Decreto Supremo que declara el Estado de Emergencia en varios distritos de las provincias del departamento de Ayacucho, por impacto de daños ante intensas precipitaciones pluviales",descripcion_web,True,declara,impacto de daños
Decreto Supremo N.° 056-2023-PCM,26 de abril de 2023,"Decreto Supremo que declara el Estado de Emergencia en los distritos de Llauta, Otoca y Saisa de la provincia de Lucanas y en el distrito de San Miguel de la provincia de La Mar del departamento de A ...",https://www.gob.pe/institucion/pcm/normas-legales/4221212-056-2023-pcm,2023-04-26,"Decreto Supremo que declara el Estado de Emergencia en los distritos de Llauta, Otoca y Saisa de la provincia de Lucanas y en el distrito de San Miguel de la provincia de La Mar del departamento de Ayacucho, por impacto de daños a consecuencia de intensas precipitaciones pluviales","Decreto Supremo que declara el Estado de Emergencia en los distritos de Llauta, Otoca y Saisa de la provincia de Lucanas y en el distrito de San Miguel de la provincia de La Mar del departamento de Ayacucho, por impacto de daños a consecuencia de intensas precipitaciones pluviales",descripcion_web,True,declara,impacto de daños
Decreto Supremo N.° 055-2023-PCM,26 de abril de 2023,"Decreto Supremo que declara el Estado de Emergencia en la provincia de Zarumilla del departamento de Tumbes; en distritos de las provincias de Sullana, Ayabaca y Huancabamba del departamento de Piura ...",https://www.gob.pe/institucion/pcm/normas-legales/4221203-055-2023-pcm,2023-04-26,"Decreto Supremo que declara el Estado de Emergencia en la provincia de Zarumilla del departamento de Tumbes; en distritos de las provincias de Sullana, Ayabaca y Huancabamba del departamento de Piura; en distritos de la provincia de San Ignacio del departamento de Cajamarca; en el distrito de El Cenepa de la provincia de Condorcanqui del departamento de Amazonas; en distritos de las provincias de Maynas, Loreto y Datem del Marañón del departamento de Loreto; en la provincia de Tahuamanu del departamento de Madre de Dios y en distritos de las provincias de Tarata y Tacna del departamento de Tacna","Decreto Supremo que declara el Estado de Emergencia en la provincia de Zarumilla del departamento de Tumbes; en distritos de las provincias de Sullana, Ayabaca y Huancabamba del departamento de Piura; en distritos de la provincia de San Ignacio del departamento de Cajamarca; en el distrito de El Cenepa de la provincia de Condorcanqui del departamento de Amazonas; en distritos de las provincias de Maynas, Loreto y Datem del Marañón del departamento de Loreto; en la provincia de Tahuamanu del departamento de Madre de Dios y en distritos de las provincias de Tarata y Tacna del departamento de Tacna",descripcion_web,False,declara,otro
Decreto Supremo N.° 053-2023-PCM,19 de abril de 2023,Decreto Supremo que prorroga el Estado de Emergencia en el departamento de La Libertad,https://www.gob.pe/institucion/pcm/normas-legales/4167553-053-2023-pcm,2023-04-19,Decreto Supremo que prorroga el Estado de Emergencia en el departamento de La Libertad,Decreto Supremo que prorroga el Estado de Emergencia en el departamento de La Libertad,descripcion_web,False,prorroga,otro
Decreto Supremo N.° 052-2023-PCM,15 de abril de 2023,"Decreto Supremo que declara el Estado de Emergencia en algunos distritos de las provincias de Bellavista, San Martín, El Dorado, Lamas y Moyobamba del departamento de San Martín, por impacto de daños ...",https://www.gob.pe/institucion/pcm/normas-legales/5580735-052-2023-pcm,2023-04-15,"Decreto Supremo que declara el Estado de Emergencia en algunos distritos de las provincias de Bellavista, San Martín, El Dorado, Lamas y Moyobamba del departamento de San Martín, por impacto de daños a consecuencia de intensas precipitaciones pluviales","Decreto Supremo que declara el Estado de Emergencia en algunos distritos de las provincias de Bellavista, San Martín, El Dorado, Lamas y Moyobamba del departamento de San Martín, por impacto de daños a consecuencia de intensas precipitaciones pluviales",descripcion_web,True,declara,impacto de daños
Decreto Supremo N.° 051-2023-PCM,14 de abril de 2023,Decreto Supremo que prorroga el Estado de Emergencia en algunas carreteras de la Red Vial Nacional,https://www.gob.pe/institucion/pcm/normas-legales/4228066-051-2023-pcm,2023-04-14,Decreto Supremo que prorroga el Estado de Emergencia en algunas carreteras de la Red Vial Nacional,Decreto Supremo que prorroga el Estado de Emergencia en algunas carreteras de la Red Vial Nacional,descripcion_web,False,prorroga,otro
Decreto Supremo N.° 050-2023-PCM,13 de abril de 2023,"Prorrogar el Estado de Emergencia por el término de sesenta (60) días calendario, a partir del 19 de abril de 2023, declarado en las provincias de Putumayo y Mariscal Ramón Castilla del departamento ...",https://www.gob.pe/institucion/pcm/normas-legales/5580288-050-2023-pcm,2023-04-13,"Prorrogar el Estado de Emergencia por el término de sesenta (60) días calendario, a partir del 19 de abril de 2023, declarado en las provincias de Putumayo y Mariscal Ramón Castilla del departamento de Loreto.","Prorrogar el Estado de Emergencia por el término de sesenta (60) días calendario, a partir del 19 de abril de 2023, declarado en las provincias de Putumayo y Mariscal Ramón Castilla del departamento de Loreto.",descripcion_web,False,prorroga,otro
Decreto Supremo N.° 049-2023-PCM,8 de abril de 2023,Prórroga del Estado de Emergencia en distritos de las provincias de Huanta y La Mar del departamento de Ayacucho; de las provincias de Tayacaja y Churcampa del departamento de Huancavelica; de la pro ...,https://www.gob.pe/institucion/pcm/normas-legales/4136826-049-2023-pcm,2023-04-08,"Prórroga del Estado de Emergencia en distritos de las provincias de Huanta y La Mar del departamento de Ayacucho; de las provincias de Tayacaja y Churcampa del departamento de Huancavelica; de la provincia de La Convención del departamento de Cusco; de las provincias de Satipo, Concepción y Huancayo del departamento de Junín; y, en el Centro Poblado de Yuveni en el distrito de Vilcabamba de la provincia de La Convención del departamento de Cusco","Prórroga del Estado de Emergencia en distritos de las provincias de Huanta y La Mar del departamento de Ayacucho; de las provincias de Tayacaja y Churcampa del departamento de Huancavelica; de la provincia de La Convención del departamento de Cusco; de las provincias de Satipo, Concepción y Huancayo del departamento de Junín; y, en el Centro Poblado de Yuveni en el distrito de Vilcabamba de la provincia de La Convención del departamento de Cusco",descripcion_web,False,prorroga,otro
Decreto Supremo N.° 048-2023-PCM,8 de abril de 2023,"Decreto Supremo que prorroga el Estado de Emergencia declarado en los distritos de Puerto Inca, Tournavista, Yuyapichis y Codo del Pozuzo de la provincia de Puerto Inca del departamento de Huánuco, e ...",https://www.gob.pe/institucion/pcm/normas-legales/4136817-048-2023-pcm,2023-04-08,"Decreto Supremo que prorroga el Estado de Emergencia declarado en los distritos de Puerto Inca, Tournavista, Yuyapichis y Codo del Pozuzo de la provincia de Puerto Inca del departamento de Huánuco, en los distritos de Constitución y Puerto Bermúdez de la provincia de Oxapampa del departamento de Pasco y en el distrito de Sepahua de la provincia de Atalaya del departamento de Ucayali y declara el Estado de Emergencia en el distrito de Palcazú de la provincia de Oxapampa del departamento de Pasco","Decreto Supremo que prorroga el Estado de Emergencia declarado en los distritos de Puerto Inca, Tournavista, Yuyapichis y Codo del Pozuzo de la provincia de Puerto Inca del departamento de Huánuco, en los distritos de Constitución y Puerto Bermúdez de la provincia de Oxapampa del departamento de Pasco y en el distrito de Sepahua de la provincia de Atalaya del departamento de Ucayali y declara el Estado de Emergencia en el distrito de Palcazú de la provincia de Oxapampa del departamento de Pasco",descripcion_web,False,prorroga,otro
Decreto Supremo N.° 047-2023-PCM,5 de abril de 2023,Decreto Supremo que prorroga el Estado de Emergencia declarado en el departamento de Puno,https://www.gob.pe/institucion/pcm/normas-legales/4136812-047-2023-pcm,2023-04-05,Decreto Supremo que prorroga el Estado de Emergencia declarado en el departamento de Puno,Decreto Supremo que prorroga el Estado de Emergencia declarado en el departamento de Puno,descripcion_web,False,prorroga,otro
Decreto Supremo N.° 046-2023-PCM,5 de abril de 2023,"Decreto Supremo que declara el Estado de Emergencia en los distritos de Tambopata, Inambari, Las Piedras y Laberinto de la provincia de Tambopata y en los distritos de Madre de Dios y Huepetuhe de la ...",https://www.gob.pe/institucion/pcm/normas-legales/4136720-046-2023-pcm,2023-04-05,"Decreto Supremo que declara el Estado de Emergencia en los distritos de Tambopata, Inambari, Las Piedras y Laberinto de la provincia de Tambopata y en los distritos de Madre de Dios y Huepetuhe de la provincia de Manu del departamento de Madre de Dios","Decreto Supremo que declara el Estado de Emergencia en los distritos de Tambopata, Inambari, Las Piedras y Laberinto de la provincia de Tambopata y en los distritos de Madre de Dios y Huepetuhe de la provincia de Manu del departamento de Madre de Dios",descripcion_web,False,declara,otro
Decreto Supremo N.° 067-2023-PCM,27 de mayo de 2023,"Decreto Supremo que declara el Estado de Emergencia en varios distritos de algunas provincias de los departamentos de Apurímac, Arequipa, Ayacucho, Cusco, Huancavelica, Junín, Pasco, Puno y Tacna, p ...",https://www.gob.pe/institucion/pcm/normas-legales/5569233-067-2023-pcm,2023-05-27,"Decreto Supremo que declara el Estado de Emergencia en varios distritos de algunas provincias de los departamentos de Apurímac, Arequipa, Ayacucho, Cusco, Huancavelica, Junín, Pasco, Puno y Tacna, por peligro inminente ante déficit hídrico como consecuencia del posible Fenómeno El Niño","Decreto Supremo que declara el Estado de Emergencia en varios distritos de algunas provincias de los departamentos de Apurímac, Arequipa, Ayacucho, Cusco, Huancavelica, Junín, Pasco, Puno y Tacna, por peligro inminente ante déficit hídrico como consecuencia del posible Fenómeno El Niño",descripcion_web,False,declara,peligro inminente
Decreto Supremo N.° 065-2023-PCM,24 de mayo de 2023,"Decreto Supremo que prorroga el Estado de Emergencia Nacional, por desastre de gran magnitud, a consecuencia de intensas precipitaciones pluviales en varios distritos de las provinci ...",https://www.gob.pe/institucion/pcm/normas-legales/5569232-065-2023-pcm,2023-05-24,"Decreto Supremo que prorroga el Estado de Emergencia Nacional, por desastre de gran magnitud, a consecuencia de intensas precipitaciones pluviales en varios distritos de las provincias de los departamentos de Lambayeque, Piura y Tumbes","Decreto Supremo que prorroga el Estado de Emergencia Nacional, por desastre de gran magnitud, a consecuencia de intensas precipitaciones pluviales en varios distritos de las provincias de los departamentos de Lambayeque, Piura y Tumbes",descripcion_web,True,prorroga,otro
Decreto Supremo N.° 063-2023-PCM,18 de mayo de 2023,Decreto Supremo que prorroga el Estado de Emergencia en el departamento de La Libertad,https://www.gob.pe/institucion/pcm/normas-legales/5569149-063-2023-pcm,2023-05-18,Decreto Supremo que prorroga el Estado de Emergencia en el departamento de La Libertad,Decreto Supremo que prorroga el Estado de Emergencia en el departamento de La Libertad,descripcion_web,False,prorroga,otro
Decreto Supremo N.° 061-2023-PCM,18 de mayo de 2023,"Decreto Supremo que prorroga el Estado de Emergencia en varios distritos de algunas provincias del departamento de Áncash, por impacto de daños a consecuencia de intensas precipitaciones",https://www.gob.pe/institucion/pcm/normas-legales/5569144-061-2023-pcm,2023-05-18,"Decreto Supremo que prorroga el Estado de Emergencia en varios distritos de algunas provincias del departamento de Áncash, por impacto de daños a consecuencia de intensas precipitaciones pluviales","Decreto Supremo que prorroga el Estado de Emergencia en varios distritos de algunas provincias del departamento de Áncash, por impacto de daños a consecuencia de intensas precipitaciones pluviales",descripcion_web,True,prorroga,impacto de daños
Decreto Supremo N.° 062-2023-PCM,17 de mayo de 2023,"Decreto Supremo que prorroga el Estado de Emergencia en varios distritos de algunas provincias de los departamentos de Amazonas y Ayacucho, por impacto de daños a consecuencia de intensas pre ...",https://www.gob.pe/institucion/pcm/normas-legales/5569160-062-2023-pcm,2023-05-17,"Decreto Supremo que prorroga el Estado de Emergencia en varios distritos de algunas provincias de los departamentos de Amazonas y Ayacucho, por impacto de daños a consecuencia de intensas precipitaciones pluviales","Decreto Supremo que prorroga el Estado de Emergencia en varios distritos de algunas provincias de los departamentos de Amazonas y Ayacucho, por impacto de daños a consecuencia de intensas precipitaciones pluviales",descripcion_web,True,prorroga,impacto de daños
Decreto Supremo N.° 060-2023-PCM,11 de mayo de 2023,Decreto Supremo que prorroga el Estado de Emergencia en el Corredor Vial Sur Apurímac-Cusco-Arequipa y en el Corredor Vial Interoceánica Sur,https://www.gob.pe/institucion/pcm/normas-legales/5569139-060-2023-pcm,2023-05-11,Decreto Supremo que prorroga el Estado de Emergencia en el Corredor Vial Sur Apurímac-Cusco-Arequipa y en el Corredor Vial Interoceánica Sur,Decreto Supremo que prorroga el Estado de Emergencia en el Corredor Vial Sur Apurímac-Cusco-Arequipa y en el Corredor Vial Interoceánica Sur,descripcion_web,False,prorroga,otro
Decreto Supremo N.° 059-2023-PCM,10 de mayo de 2023,"Decreto Supremo que declara el Estado de Emergencia en varios distritos de algunas provincias de los departamentos de Áncash, Cajamarca, La Libertad y Lima, por impacto de daños a consecuencia de int ...",https://www.gob.pe/institucion/pcm/normas-legales/5569141-059-2023-pcm,2023-05-10,"Decreto Supremo que declara el Estado de Emergencia en varios distritos de algunas provincias de los departamentos de Áncash, Cajamarca, La Libertad y Lima, por impacto de daños a consecuencia de intensas precipitaciones pluviales","Decreto Supremo que declara el Estado de Emergencia en varios distritos de algunas provincias de los departamentos de Áncash, Cajamarca, La Libertad y Lima, por impacto de daños a consecuencia de intensas precipitaciones pluviales",descripcion_web,True,declara,impacto de daños
Decreto Supremo N.° 058-2023-PCM,3 de mayo de 2023,"Decreto Supremo que declara el Estado de Emergencia en algunos distritos de las provincias de Bellavista, Huallaga, Lamas, Picota, San Martín y Tocache del departamento de San Martín, por impacto de ...",https://www.gob.pe/institucion/pcm/normas-legales/4221238-058-2023-pcm,2023-05-03,"Decreto Supremo que declara el Estado de Emergencia en algunos distritos de las provincias de Bellavista, Huallaga, Lamas, Picota, San Martín y Tocache del departamento de San Martín, por impacto de daños a consecuencia de intensas precipitaciones pluviales","Decreto Supremo que declara el Estado de Emergencia en algunos distritos de las provincias de Bellavista, Huallaga, Lamas, Picota, San Martín y Tocache del departamento de San Martín, por impacto de daños a consecuencia de intensas precipitaciones pluviales",descripcion_web,True,declara,impacto de daños
