numero,departamento,declaratorias,prorrogas
Decreto Supremo N.° 008-2023-PCM,Amazonas,1,0
Decreto Supremo N.° 008-2023-PCM,Áncash,1,0
Decreto Supremo N.° 008-2023-PCM,Arequipa,1,0
Decreto Supremo N.° 008-2023-PCM,Ayacucho,1,0
Decreto Supremo N.° 008-2023-PCM,Cajamarca,1,0
Decreto Supremo N.° 008-2023-PCM,Huancavelica,1,0
Decreto Supremo N.° 008-2023-PCM,Huánuco,1,0
Decreto Supremo N.° 008-2023-PCM,Junín,1,0
Decreto Supremo N.° 008-2023-PCM,La Libertad,1,0
Decreto Supremo N.° 008-2023-PCM,Lima,1,0
Decreto Supremo N.° 008-2023-PCM,Loreto,1,0
Decreto Supremo N.° 008-2023-PCM,Moquegua,1,0
Decreto Supremo N.° 008-2023-PCM,Pasco,1,0
Decreto Supremo N.° 008-2023-PCM,San Martín,1,0
Decreto Supremo N.° 008-2023-PCM,Tacna,1,0
Decreto Supremo N.° 008-2023-PCM,Ucayali,1,0
Decreto Supremo N.° 007-2023-PCM,Amazonas,1,0
Decreto Supremo N.° 007-2023-PCM,Áncash,1,0
Decreto Supremo N.° 007-2023-PCM,Cusco,1,0
Decreto Supremo N.° 007-2023-PCM,Huánuco,1,0
Decreto Supremo N.° 007-2023-PCM,La Libertad,1,0
Decreto Supremo N.° 007-2023-PCM,San Martín,1,0
Decreto Supremo N.° 007-2023-PCM,Ucayali,1,0
Decreto Supremo N.° 024-2023-PCM,Lima,1,0
Decreto Supremo N.° 019-2023-PCM,Arequipa,1,0
Decreto Supremo N.° 044-2023-PCM,Huánuco,1,0
Decreto Supremo N.° 044-2023-PCM,Ica,1,0
Decreto Supremo N.° 043-2023-PCM,Lambayeque,1,0
Decreto Supremo N.° 043-2023-PCM,Piura,1,0
Decreto Supremo N.° 043-2023-PCM,Tumbes,1,0
Decreto Supremo N.° 0039-2023-PCM,Amazonas,1,0
Decreto Supremo N.° 0039-2023-PCM,Ayacucho,1,0
Decreto Supremo N.° 0039-2023-PCM,Pasco,1,0
Decreto Supremo N.° 0039-2023-PCM,Ucayali,1,0
Decreto Supremo N.° 038-2023-PCM,Áncash,1,0
Decreto Supremo N.° 038-2023-PCM,Huancavelica,1,0
Decreto Supremo N.° 038-2023-PCM,Ica,1,0
Decreto Supremo N.° 038-2023-PCM,Lima,1,0
Decreto Supremo N.° 036-2023-PCM,Lima,1,0
Decreto Supremo N.° 035-2023-PCM,Áncash,1,0
Decreto Supremo N.° 035-2023-PCM,Apurímac,1,0
Decreto Supremo N.° 035-2023-PCM,Arequipa,1,0
Decreto Supremo N.° 035-2023-PCM,Ayacucho,1,0
Decreto Supremo N.° 035-2023-PCM,Callao,1,0
Decreto Supremo N.° 035-2023-PCM,Cusco,1,0
Decreto Supremo N.° 035-2023-PCM,Huancavelica,1,0
Decreto Supremo N.° 035-2023-PCM,Huánuco,1,0
Decreto Supremo N.° 035-2023-PCM,Ica,1,0
Decreto Supremo N.° 035-2023-PCM,Junín,1,0
Decreto Supremo N.° 035-2023-PCM,Lima,1,0
Decreto Supremo N.° 035-2023-PCM,Moquegua,1,0
Decreto Supremo N.° 035-2023-PCM,Puno,1,0
Decreto Supremo N.° 035-2023-PCM,Tacna,1,0
Decreto Supremo N.° 034-2023-PCM,Cajamarca,1,0
Decreto Supremo N.° 034-2023-PCM,La Libertad,1,0
Decreto Supremo N.° 034-2023-PCM,Lambayeque,1,0
Decreto Supremo N.° 034-2023-PCM,Piura,1,0
Decreto Supremo N.° 030-2023-PCM,Arequipa,1,0
Decreto Supremo N.° 029-2023-PCM,Áncash,1,0
Decreto Supremo N.° 029-2023-PCM,Cajamarca,1,0
Decreto Supremo N.° 029-2023-PCM,La Libertad,1,0
Decreto Supremo N.° 029-2023-PCM,Lambayeque,1,0
Decreto Supremo N.° 029-2023-PCM,Lima,1,0
Decreto Supremo N.° 029-2023-PCM,Piura,1,0
Decreto Supremo N.° 029-2023-PCM,Tumbes,1,0
Decreto Supremo N.° 028-2023-PCM,Ayacucho,1,0
Decreto Supremo N.° 056-2023-PCM,Ayacucho,1,0
Decreto Supremo N.° 052-2023-PCM,San Martín,1,0
Decreto Supremo N.° 065-2023-PCM,Lambayeque,0,1
Decreto Supremo N.° 065-2023-PCM,Piura,0,1
Decreto Supremo N.° 065-2023-PCM,Tumbes,0,1
Decreto Supremo N.° 061-2023-PCM,Áncash,0,1
Decreto Supremo N.° 062-2023-PCM,Amazonas,0,1
Decreto Supremo N.° 062-2023-PCM,Ayacucho,0,1
Decreto Supremo N.° 059-2023-PCM,Áncash,1,0
Decreto Supremo N.° 059-2023-PCM,Cajamarca,1,0
Decreto Supremo N.° 059-2023-PCM,La Libertad,1,0
Decreto Supremo N.° 059-2023-PCM,Lima,1,0
Decreto Supremo N.° 058-2023-PCM,San Martín,1,0
