ubigeo,departamento,capital,latitud,longitud,lluvia_total_mm,dias_lluvia_fuerte
01,Amazonas,Chachapoyas,-6.23169,-77.86903,414.6,3
02,Áncash,Huaraz,-9.52614,-77.52869,1145.8,9
03,Apurímac,Abancay,-13.63426,-72.8838,726.2,3
04,Arequipa,Arequipa,-16.39899,-71.53747,362.0,1
05,Ayacucho,Ayacucho,-13.1638,-74.22345,498.4,2
06,Cajamarca,Cajamarca,-7.16378,-78.50027,796.6,0
07,Callao,Callao,-12.05162,-77.13452,55.5,0
08,Cusco,Cusco,-13.53188,-71.96701,714.0,1
09,Huancavelica,Huancavelica,-12.78691,-74.97298,817.8,3
10,Huánuco,Huánuco,-9.92882,-76.23989,524.3,2
11,Ica,Ica,-14.07538,-75.73422,113.6,0
12,Junín,Huancayo,-12.06866,-75.21027,850.8,6
13,La Libertad,Trujillo,-8.11599,-79.02998,177.2,1
14,Lambayeque,Chiclayo,-6.77008,-79.85495,445.8,4
15,Lima,Huacho,-11.11718,-77.60584,27.9,0
16,Loreto,Iquitos,-3.74814,-73.2529,1604.6,26
17,Madre de Dios,Puerto Maldonado,-12.58946,-69.19948,1248.4,23
18,Moquegua,Moquegua,-17.19747,-70.93587,83.9,0
19,Pasco,Cerro de Pasco,-10.66577,-76.25309,750.4,1
20,Piura,Piura,-5.18192,-80.65715,719.4,12
21,Puno,Puno,-15.84003,-70.02198,660.4,4
22,San Martín,Moyobamba,-6.03441,-76.97423,1050.5,12
23,Tacna,Tacna,-18.01465,-70.25362,28.2,0
24,Tumbes,Tumbes,-3.55592,-80.44258,931.4,14
25,Ucayali,Pucallpa,-8.37915,-74.55387,1316.0,24
